{"coins":105100,"cr":[0.9884308576583862,1.0,1.0,1.0,1.0],"cg":[0.20092687010765077,1.0,1.0,1.0,1.0],"cb":[0.0,1.0,1.0,1.0,1.0],"buyItem":[true,true,false,false,false,false,true,false,true],"itemActive":[true,false,false,false,false,false,true,false,false]}